{
  "MJHQ-50": {
    "with_gt": {
      "clip_iqa": 0.9293898344039917,
      "clip_score": 22.718042373657227,
      "fid": 252.64536479494635,
      "image_reward": 0.11251724023371935
    }
  },
  "sDCI-50": {
    "with_gt": {
      "clip_iqa": 0.9273625016212463,
      "clip_score": 24.029312133789062,
      "fid": 234.98076527761077,
      "image_reward": 0.05333681546151638
    }
  }
}