{
  "MJHQ-50": {
    "with_gt": {
      "clip_iqa": 0.936631441116333,
      "clip_score": 23.052955627441406,
      "fid": 237.99771503406578,
      "image_reward": 0.1752891756594181
    }
  },
  "sDCI-50": {
    "with_gt": {
      "clip_iqa": 0.9477128386497498,
      "clip_score": 24.128856658935547,
      "fid": 225.46173605001474,
      "image_reward": 0.11711346367374062
    }
  }
}